{"conf_table": {"_type": "table-file", "path": "media/table/conf_table_33_64d53b227faa1d9af28f.table.json", "sha256": "64d53b227faa1d9af28f0039b25e56adeb64e665247c693173315a44082c2d85", "size": 182, "artifact_path": "wandb-client-artifact://15igflykd8j09tgxajtbh1sw7ay2mo915zc7krpvlx4okgy22quwo5it5t7tmx84ef22641i41ig5v2xlbpo708o5kycgwj0iqpjhi56nvc2nq24wxxmve6fdn9x9apt:latest/conf_table.table.json", "_latest_artifact_path": "wandb-client-artifact://15igflykd8j09tgxajtbh1sw7ay2mo915zc7krpvlx4okgy22quwo5it5t7tmx84ef22641i41ig5v2xlbpo708o5kycgwj0iqpjhi56nvc2nq24wxxmve6fdn9x9apt:latest/conf_table.table.json", "ncols": 3, "nrows": 4}, "_timestamp": 1649832196, "_runtime": 63, "_step": 35, "examples": {"_type": "table-file", "path": "media/table/examples_34_91f6e347e7ecd02507aa.table.json", "sha256": "91f6e347e7ecd02507aaae308eae951941a1290f1e97d62b6d4de16dc22ad454", "size": 1253, "artifact_path": "wandb-client-artifact://7vufpfhhff7e7ckmi0xex77fh4i25444l2lcbazbwsbth8i0keg4jimld0su1bnwblqr290j5mz0mna2r4v8w8qslhgl316agvvzxfervb1w5rxe1odposs389fp28bv:latest/examples.table.json", "_latest_artifact_path": "wandb-client-artifact://7vufpfhhff7e7ckmi0xex77fh4i25444l2lcbazbwsbth8i0keg4jimld0su1bnwblqr290j5mz0mna2r4v8w8qslhgl316agvvzxfervb1w5rxe1odposs389fp28bv:latest/examples.table.json", "ncols": 3, "nrows": 20}, "global_step": 133, "train/loss_step": 0.5996221303939819, "train/acc_step": 0.703125, "epoch": 0, "trainer/global_step": 133, "train/loss_epoch": 0.6119443774223328, "train/acc_epoch": 0.7043620347976685, "valid/loss_step/epoch_0": 0.488804429769516, "valid/loss_epoch": 0.6163958311080933, "valid/acc": 0.6912751793861389, "valid/precision_macro": 0.34563758969306946, "valid/recall_macro": 0.5, "valid/precision_micro": 0.6912751793861389, "valid/recall_micro": 0.6912751793861389, "valid/f1": 0.6912751793861389, "_wandb": {"runtime": 61}}